{
  "GraphQL HTTP Request" : {
    "transaction" : "GraphQL HTTP Request",
    "sampleCount" : 1046,
    "errorCount" : 173,
    "errorPct" : 16.539196,
    "meanResTime" : 7401.7896749522015,
    "medianResTime" : 5427.5,
    "minResTime" : 897.0,
    "maxResTime" : 17403.0,
    "pct1ResTime" : 15258.6,
    "pct2ResTime" : 15824.0,
    "pct3ResTime" : 17039.85,
    "throughput" : 0.018695721414447503,
    "receivedKBytesPerSec" : 0.053796855286045435,
    "sentKBytesPerSec" : 0.06737887700512059
  },
  "Total" : {
    "transaction" : "Total",
    "sampleCount" : 1046,
    "errorCount" : 173,
    "errorPct" : 16.539196,
    "meanResTime" : 7401.7896749522015,
    "medianResTime" : 5427.5,
    "minResTime" : 897.0,
    "maxResTime" : 17403.0,
    "pct1ResTime" : 15258.6,
    "pct2ResTime" : 15824.0,
    "pct3ResTime" : 17039.85,
    "throughput" : 0.018695721414447503,
    "receivedKBytesPerSec" : 0.053796855286045435,
    "sentKBytesPerSec" : 0.06737887700512059
  }
}