{
  "Total" : {
    "transaction" : "Total",
    "sampleCount" : 20,
    "errorCount" : 10,
    "errorPct" : 50.0,
    "meanResTime" : 2235.85,
    "medianResTime" : 1920.0,
    "minResTime" : 1035.0,
    "maxResTime" : 5233.0,
    "pct1ResTime" : 4466.1,
    "pct2ResTime" : 5195.049999999999,
    "pct3ResTime" : 5233.0,
    "throughput" : 0.27710426047800485,
    "receivedKBytesPerSec" : 0.26343847419466576,
    "sentKBytesPerSec" : 1.6791327502597853
  },
  "Myself" : {
    "transaction" : "Myself",
    "sampleCount" : 20,
    "errorCount" : 10,
    "errorPct" : 50.0,
    "meanResTime" : 2235.85,
    "medianResTime" : 1920.0,
    "minResTime" : 1035.0,
    "maxResTime" : 5233.0,
    "pct1ResTime" : 4466.1,
    "pct2ResTime" : 5195.049999999999,
    "pct3ResTime" : 5233.0,
    "throughput" : 0.27710426047800485,
    "receivedKBytesPerSec" : 0.26343847419466576,
    "sentKBytesPerSec" : 1.6791327502597853
  }
}